{
    "0": {
        "precision": 0.9998766106714142,
        "recall": 0.9995418502202643,
        "f1-score": 0.9997092024215507,
        "support": 56750.0
    },
    "1": {
        "precision": 0.9995438196333012,
        "recall": 0.9998771412524572,
        "f1-score": 0.9997104526590097,
        "support": 56976.0
    },
    "accuracy": 0.9997098288869739,
    "macro avg": {
        "precision": 0.9997102151523577,
        "recall": 0.9997094957363608,
        "f1-score": 0.9997098275402803,
        "support": 113726.0
    },
    "weighted avg": {
        "precision": 0.9997098844857791,
        "recall": 0.9997098288869739,
        "f1-score": 0.9997098287825364,
        "support": 113726.0
    }
}